,BookingStatus
0,0
1,1
2,1
3,0
4,1
5,1
6,1
7,1
8,1
9,0
10,1
11,0
12,1
13,1
14,0
15,1
16,0
17,1
18,1
19,1
20,0
21,1
22,1
23,1
24,1
25,0
26,1
27,1
28,1
29,0
30,0
31,0
32,0
33,1
34,1
35,0
36,1
37,1
38,0
39,0
40,1
41,1
42,1
43,1
44,0
45,1
46,1
47,1
48,0
49,1
50,0
51,0
52,0
53,1
54,1
55,1
56,1
57,0
58,1
59,0
60,0
61,0
62,1
63,0
64,0
65,0
66,0
67,0
68,1
69,1
70,1
71,0
72,0
73,1
74,1
75,1
76,1
77,1
78,1
79,0
80,1
81,1
82,1
83,1
84,0
85,0
86,1
87,1
88,0
89,1
90,1
91,1
92,1
93,1
94,1
95,0
96,1
97,0
98,1
99,1
100,0
101,0
102,1
103,1
104,1
105,1
106,1
107,0
108,1
109,1
110,1
111,0
112,0
113,0
114,1
115,1
116,0
117,1
118,1
119,0
120,1
121,0
122,0
123,0
124,1
125,0
126,1
127,1
128,1
129,1
130,1
131,0
132,0
133,1
134,1
135,1
136,0
137,0
138,1
139,0
140,1
141,1
142,1
143,0
144,0
145,1
146,1
147,0
148,0
149,1
150,0
151,1
152,0
153,1
154,1
155,0
156,1
157,0
158,1
159,0
160,0
161,1
162,0
163,1
164,0
165,1
166,0
167,0
168,1
169,0
170,0
171,1
172,1
173,1
174,0
175,1
176,1
177,1
178,1
179,1
180,1
181,1
182,1
183,1
184,1
185,1
186,1
187,1
188,0
189,1
190,1
191,1
192,1
193,1
194,0
195,1
196,1
197,1
198,1
199,0
200,1
201,1
202,1
203,0
204,1
205,0
206,1
207,0
208,1
209,1
210,1
211,1
212,1
213,1
214,0
215,1
216,1
217,0
218,1
219,1
220,1
221,1
222,1
223,1
224,1
225,1
226,1
227,0
228,1
229,1
230,0
231,1
232,1
233,0
234,1
235,1
236,0
237,1
238,1
239,1
240,1
241,1
242,0
243,1
244,1
245,0
246,1
247,1
248,1
249,1
250,1
251,0
252,1
253,0
254,0
255,1
256,1
257,0
258,0
259,1
260,0
261,1
262,1
263,1
264,0
265,1
266,0
267,0
268,0
269,0
270,1
271,1
272,0
273,1
274,1
275,0
276,1
277,1
278,0
279,1
280,1
281,0
282,1
283,1
284,1
285,1
286,0
287,1
288,1
289,0
290,1
291,0
292,0
293,1
294,1
295,1
296,0
297,0
298,0
299,0
300,1
301,0
302,1
303,0
304,1
305,1
306,0
307,0
308,1
309,1
310,0
311,1
312,0
313,1
314,0
315,1
316,1
317,1
318,1
319,0
320,1
321,1
322,1
323,1
324,0
325,0
326,1
327,0
328,0
329,1
330,1
331,1
332,1
333,0
334,0
335,1
336,0
337,1
338,0
339,1
340,1
341,0
342,0
343,1
344,1
345,1
346,0
347,0
348,1
349,1
350,1
351,0
352,1
353,1
354,1
355,1
356,1
357,0
358,0
359,0
360,0
361,1
362,1
363,1
364,1
365,0
366,1
367,0
368,0
369,0
370,1
371,1
372,0
373,1
374,0
375,0
376,0
377,0
378,1
379,0
380,1
381,1
382,1
383,1
384,0
385,0
386,0
387,1
388,1
389,1
390,0
391,1
392,0
393,0
394,1
395,0
396,1
397,1
398,1
399,1
400,0
401,1
402,1
403,0
404,1
405,1
406,1
407,0
408,0
409,0
410,1
411,1
412,1
413,0
414,1
415,0
416,1
417,0
418,0
419,0
420,1
421,0
422,0
423,1
424,0
425,0
426,1
427,0
428,1
429,0
430,1
431,0
432,0
433,1
434,0
435,1
436,0
437,0
438,1
439,0
440,1
441,1
442,1
443,0
444,1
445,0
446,1
447,0
448,0
449,1
450,1
451,1
452,0
453,1
454,0
455,1
456,1
457,1
458,0
459,1
460,0
461,1
462,1
463,1
464,1
465,1
466,0
467,0
468,1
469,0
470,1
471,0
472,1
473,1
474,0
475,0
476,1
477,1
478,1
479,0
480,1
481,1
482,0
483,1
484,0
485,1
486,1
487,1
488,1
489,1
490,1
491,1
492,1
493,0
494,0
495,1
496,1
497,1
498,0
499,1
500,0
501,0
502,0
503,1
504,0
505,1
506,1
507,0
508,1
509,0
510,1
511,0
512,1
513,1
514,0
515,1
516,1
517,1
518,0
519,1
520,1
521,1
522,0
523,1
524,0
525,0
526,0
527,0
528,0
529,1
530,0
531,1
532,0
533,1
534,1
535,1
536,0
537,0
538,1
539,0
540,0
541,1
542,1
543,1
544,1
545,0
546,0
547,0
548,1
549,1
550,0
551,0
552,1
553,0
554,1
555,1
556,0
557,0
558,1
559,1
560,1
561,1
562,1
563,1
564,1
565,0
566,1
567,0
568,0
569,0
570,1
571,0
572,1
573,1
574,1
575,1
576,0
577,1
578,0
579,1
580,0
581,1
582,0
583,1
584,1
585,0
586,1
587,1
588,1
589,1
590,1
591,1
592,0
593,0
594,1
595,1
596,0
597,1
598,0
599,0
600,0
601,0
602,1
603,1
604,1
605,0
606,1
607,0
608,1
609,1
610,1
611,1
612,0
613,1
614,1
615,1
616,1
617,0
618,0
619,1
620,1
621,0
622,1
623,1
624,0
625,1
626,0
627,1
628,0
629,0
630,0
631,1
632,0
633,1
634,1
635,1
636,1
637,1
638,0
639,1
640,0
641,1
642,1
643,1
644,0
645,0
646,1
647,0
648,1
649,1
650,1
651,0
652,0
653,0
654,0
655,1
656,1
657,1
658,1
659,0
660,0
661,0
662,0
663,0
664,1
665,0
666,0
667,0
668,0
669,1
670,1
671,1
672,1
673,0
674,0
675,0
676,1
677,1
678,1
679,1
680,1
681,0
682,1
683,0
684,1
685,0
686,1
687,0
688,0
689,1
690,0
691,1
692,0
693,1
694,0
695,1
696,1
697,1
698,0
699,1
700,1
701,1
702,0
703,1
704,0
705,1
706,1
707,1
708,0
709,1
710,1
711,0
712,0
713,1
714,0
715,1
716,1
717,1
718,1
719,1
720,0
721,1
722,0
723,0
724,0
725,0
726,1
727,0
728,1
729,1
730,1
731,1
732,0
733,1
734,0
735,0
736,1
737,1
738,1
739,0
740,0
741,1
742,1
743,0
744,1
745,1
746,1
747,1
748,1
749,0
750,1
751,1
752,1
753,0
754,1
755,0
756,0
757,0
758,1
759,1
760,1
761,0
762,1
763,1
764,0
765,0
766,0
767,1
768,0
769,0
770,0
771,0
772,1
773,1
774,0
775,0
776,1
777,1
778,0
779,0
780,1
781,1
782,0
783,0
784,1
785,1
786,1
787,1
788,1
789,0
790,1
791,1
792,1
793,0
794,1
795,0
796,0
797,1
798,0
799,1
800,0
801,1
802,0
803,0
804,0
805,0
806,0
807,0
808,1
809,0
810,0
811,0
812,1
813,1
814,0
815,1
816,1
817,1
818,1
819,1
820,0
821,1
822,1
823,0
824,0
825,0
826,0
827,1
828,0
829,1
830,1
831,0
832,1
833,0
834,0
835,1
836,0
837,1
838,1
839,0
840,1
841,1
842,0
843,1
844,1
845,1
846,0
847,1
848,0
849,1
850,0
851,1
852,1
853,0
854,1
855,0
856,1
857,0
858,0
859,1
860,0
861,1
862,0
863,1
864,1
865,0
866,1
867,1
868,0
869,1
870,0
871,1
872,1
873,1
874,1
875,0
876,1
877,0
878,1
879,1
880,0
881,1
882,0
883,0
884,1
885,0
886,0
887,1
888,1
889,0
890,1
891,1
892,1
893,0
894,0
895,1
896,1
897,0
898,0
899,1
900,0
901,1
902,0
903,0
904,1
905,1
906,1
907,0
908,1
909,0
910,1
911,1
912,0
913,1
914,1
915,0
916,1
917,0
918,1
919,1
920,1
921,1
922,1
923,1
924,0
925,1
926,1
927,0
928,0
929,1
930,1
931,1
932,1
933,1
934,1
935,1
936,0
937,1
938,0
939,1
940,0
941,1
942,0
943,1
944,1
945,1
946,0
947,1
948,1
949,1
950,0
951,1
952,1
953,1
954,1
955,1
956,1
957,0
958,1
959,1
960,1
961,1
962,1
963,0
964,1
965,0
966,0
967,1
968,0
969,1
970,0
971,0
972,0
973,1
974,1
975,0
976,0
977,1
978,0
979,0
980,1
981,1
982,0
983,0
984,1
985,1
986,1
987,0
988,0
989,1
990,1
991,0
992,1
993,0
994,1
995,0
996,1
997,1
998,1
999,0
1000,0
1001,0
1002,0
1003,1
1004,1
1005,1
1006,0
1007,0
1008,0
1009,1
1010,1
1011,0
1012,1
1013,1
1014,0
1015,0
1016,1
1017,0
1018,0
1019,0
1020,0
1021,1
1022,1
1023,0
1024,1
1025,1
1026,1
1027,1
1028,1
1029,1
1030,1
1031,0
1032,1
1033,0
1034,1
1035,1
1036,1
1037,1
1038,1
1039,0
1040,1
1041,0
1042,1
1043,0
1044,0
1045,0
1046,1
1047,0
1048,1
1049,1
1050,0
1051,0
1052,1
1053,1
1054,1
1055,0
1056,0
1057,1
1058,1
1059,0
1060,1
1061,1
1062,1
1063,0
1064,0
1065,0
1066,1
1067,0
1068,1
1069,0
1070,1
1071,0
1072,1
1073,1
1074,0
1075,1
1076,1
1077,0
1078,1
1079,1
1080,1
1081,1
1082,1
1083,0
1084,0
1085,1
1086,1
1087,1
1088,0
1089,1
1090,1
1091,1
1092,1
1093,1
1094,1
1095,0
1096,1
1097,0
1098,1
1099,1
1100,1
1101,1
1102,1
1103,0
1104,1
1105,1
1106,1
1107,0
1108,1
1109,1
1110,1
1111,1
1112,0
1113,0
1114,1
1115,1
1116,1
1117,0
1118,1
1119,0
1120,0
1121,0
1122,1
1123,0
1124,0
1125,0
1126,1
1127,0
1128,1
1129,1
1130,0
1131,1
1132,1
1133,0
1134,0
1135,0
1136,1
1137,0
1138,0
1139,0
1140,1
1141,1
1142,0
1143,1
1144,0
1145,1
1146,1
1147,0
1148,1
1149,0
1150,1
1151,1
1152,1
1153,1
1154,0
1155,0
1156,0
1157,0
1158,1
1159,1
1160,1
1161,1
1162,1
1163,0
1164,0
1165,1
1166,0
1167,1
1168,0
1169,0
1170,1
1171,0
1172,0
1173,0
1174,0
1175,0
1176,1
1177,1
1178,1
1179,1
1180,1
1181,1
1182,1
1183,0
1184,1
1185,1
1186,1
1187,1
1188,0
1189,1
1190,1
1191,1
1192,0
1193,1
1194,0
1195,0
1196,1
1197,0
1198,1
1199,0
1200,1
1201,1
1202,0
1203,1
1204,1
1205,1
1206,0
1207,0
1208,0
1209,1
1210,0
1211,1
1212,1
1213,1
1214,0
1215,1
1216,0
1217,0
1218,1
1219,0
1220,1
1221,1
1222,1
1223,0
1224,1
1225,0
1226,1
1227,0
1228,1
1229,1
1230,1
1231,1
1232,1
1233,1
1234,1
1235,0
1236,0
1237,0
1238,1
1239,0
1240,1
1241,1
1242,0
1243,1
1244,1
1245,0
1246,1
1247,1
1248,1
1249,0
1250,1
1251,1
1252,1
1253,1
1254,0
1255,1
1256,0
1257,0
1258,1
1259,1
1260,1
1261,0
1262,0
1263,0
1264,0
1265,1
1266,1
1267,1
1268,0
1269,1
1270,1
1271,1
1272,1
1273,0
1274,0
1275,1
1276,0
1277,1
1278,0
1279,1
1280,1
1281,0
1282,0
1283,1
1284,1
1285,0
1286,0
1287,1
1288,1
1289,1
1290,1
1291,0
1292,1
1293,1
1294,0
1295,1
1296,0
1297,0
1298,1
1299,1
1300,1
1301,0
1302,0
1303,0
1304,1
1305,1
1306,1
1307,1
1308,0
1309,1
1310,1
1311,1
1312,0
1313,1
1314,0
1315,1
1316,0
1317,1
1318,1
1319,1
1320,1
1321,1
1322,0
1323,1
1324,0
1325,1
1326,0
1327,1
1328,1
1329,0
1330,1
1331,0
1332,0
1333,0
1334,1
1335,0
1336,0
1337,1
1338,0
1339,1
1340,1
1341,1
1342,0
1343,0
1344,0
1345,1
1346,1
1347,0
1348,1
1349,0
1350,1
1351,1
1352,1
1353,1
1354,0
1355,0
1356,0
1357,0
1358,1
1359,1
1360,0
1361,0
1362,0
1363,0
1364,0
1365,0
1366,0
1367,1
1368,1
1369,1
1370,1
1371,1
1372,0
1373,1
1374,1
1375,1
1376,1
1377,1
1378,1
1379,1
1380,1
1381,0
1382,1
1383,1
1384,1
1385,1
1386,1
1387,0
1388,1
1389,0
1390,1
1391,1
1392,0
1393,0
1394,0
1395,1
1396,1
1397,1
1398,1
1399,0
1400,1
1401,0
1402,0
1403,1
1404,1
1405,1
1406,1
1407,1
1408,1
1409,0
1410,0
1411,1
1412,0
1413,1
1414,1
1415,0
1416,1
1417,1
1418,1
1419,1
1420,0
1421,1
1422,1
1423,1
1424,0
1425,1
1426,1
1427,0
1428,1
1429,1
1430,1
1431,0
1432,0
1433,1
1434,0
1435,1
1436,0
1437,1
1438,1
1439,0
1440,1
1441,1
1442,1
1443,1
1444,0
1445,1
1446,1
1447,0
1448,0
1449,1
1450,1
1451,0
1452,1
1453,1
1454,1
1455,0
1456,0
1457,0
1458,1
1459,1
1460,1
1461,1
1462,1
1463,0
1464,0
1465,1
1466,1
1467,0
1468,0
1469,1
1470,1
1471,1
1472,1
1473,0
1474,1
1475,0
1476,0
1477,1
1478,1
1479,1
1480,0
1481,1
1482,0
1483,0
1484,1
1485,1
1486,0
1487,0
1488,0
1489,1
1490,1
1491,0
1492,0
1493,1
1494,0
1495,1
1496,0
1497,1
1498,1
1499,1
1500,1
1501,1
1502,1
1503,1
1504,1
1505,1
1506,0
1507,0
1508,0
1509,1
1510,1
1511,1
1512,1
1513,0
1514,1
1515,1
1516,1
1517,0
1518,1
1519,0
1520,1
1521,1
1522,1
1523,1
1524,1
1525,1
1526,0
1527,0
1528,1
1529,1
1530,1
1531,1
1532,1
1533,1
1534,0
1535,0
1536,0
1537,1
1538,0
1539,0
1540,1
1541,0
1542,1
1543,0
1544,0
1545,1
1546,0
1547,1
1548,1
1549,0
1550,1
1551,1
1552,0
1553,0
1554,0
1555,1
1556,0
1557,0
1558,0
1559,1
1560,1
1561,1
1562,0
1563,1
1564,1
1565,1
1566,0
1567,1
1568,0
1569,1
1570,1
1571,1
1572,1
1573,0
1574,1
1575,0
1576,1
1577,1
1578,1
1579,0
1580,1
1581,0
1582,1
1583,1
1584,0
1585,1
1586,1
1587,1
1588,1
1589,0
1590,1
1591,1
1592,1
1593,1
1594,1
1595,1
1596,0
1597,0
1598,1
1599,0
1600,0
1601,1
1602,0
1603,0
1604,1
1605,1
1606,1
1607,1
1608,1
1609,1
1610,1
1611,0
1612,1
1613,1
1614,0
1615,0
1616,1
1617,1
1618,1
1619,0
1620,0
1621,0
1622,0
1623,1
1624,0
1625,0
1626,1
1627,0
1628,1
1629,0
1630,0
1631,1
1632,0
1633,0
1634,0
1635,1
1636,0
1637,0
1638,1
1639,0
1640,0
1641,1
1642,1
1643,1
1644,1
1645,1
1646,1
1647,1
1648,0
1649,1
1650,1
1651,1
1652,0
1653,1
1654,1
1655,1
1656,1
1657,0
1658,0
1659,0
1660,1
1661,0
1662,1
1663,0
1664,1
1665,0
1666,1
1667,0
1668,1
1669,1
1670,1
1671,1
1672,1
1673,0
1674,1
1675,0
1676,1
1677,0
1678,1
1679,1
1680,1
1681,0
1682,1
1683,0
1684,1
1685,1
1686,1
1687,0
1688,0
1689,1
1690,1
1691,1
1692,1
1693,0
1694,1
1695,1
1696,1
1697,0
1698,1
1699,1
1700,1
1701,1
1702,1
1703,0
1704,1
1705,0
1706,0
1707,1
1708,1
1709,1
1710,0
1711,1
1712,1
1713,1
1714,1
1715,1
1716,1
1717,1
1718,1
1719,1
1720,0
1721,1
1722,1
1723,0
1724,1
1725,1
1726,0
1727,0
1728,1
1729,1
1730,1
1731,0
1732,0
1733,1
1734,1
1735,1
1736,1
1737,1
1738,1
1739,1
1740,0
1741,1
1742,0
1743,0
1744,0
1745,0
1746,1
1747,0
1748,0
1749,0
1750,0
1751,1
1752,1
1753,1
1754,0
1755,1
1756,1
1757,0
1758,0
1759,1
1760,1
1761,1
1762,0
1763,1
1764,1
1765,1
1766,0
1767,0
1768,1
1769,1
1770,0
1771,1
1772,1
1773,1
1774,1
1775,1
1776,0
1777,1
1778,0
1779,0
1780,1
1781,1
1782,0
1783,1
1784,0
1785,0
1786,1
1787,1
1788,0
1789,1
1790,1
1791,1
1792,1
1793,0
1794,0
1795,0
1796,1
1797,1
1798,1
1799,1
1800,1
1801,0
1802,0
1803,1
1804,1
1805,0
1806,1
1807,0
1808,1
1809,1
1810,1
1811,1
1812,1
1813,1
1814,1
1815,0
1816,1
1817,1
1818,0
1819,0
1820,0
1821,1
1822,0
1823,0
1824,1
1825,0
1826,1
1827,1
1828,0
1829,1
1830,1
1831,0
1832,0
1833,0
1834,1
1835,0
1836,0
1837,0
1838,0
1839,0
1840,0
1841,0
1842,1
1843,1
1844,1
1845,1
1846,1
1847,1
1848,1
1849,1
1850,0
1851,1
1852,1
1853,0
1854,1
1855,0
1856,0
1857,0
1858,0
1859,0
1860,1
1861,0
1862,1
1863,1
1864,1
1865,0
1866,1
1867,1
1868,1
1869,1
1870,0
1871,0
1872,1
1873,0
1874,1
1875,1
1876,0
1877,1
1878,1
1879,0
1880,1
1881,0
1882,1
1883,1
1884,0
1885,0
1886,1
1887,0
1888,0
1889,0
1890,0
1891,1
1892,1
1893,1
1894,1
1895,1
1896,0
1897,1
1898,0
1899,1
1900,1
1901,0
1902,0
1903,0
1904,0
1905,1
1906,0
1907,0
1908,1
1909,1
1910,1
1911,1
1912,1
1913,1
1914,1
1915,0
1916,1
1917,1
1918,1
1919,0
1920,0
1921,1
1922,0
1923,1
1924,0
1925,0
1926,1
1927,1
1928,1
1929,0
1930,1
1931,1
1932,1
1933,1
1934,0
1935,0
1936,1
1937,1
1938,0
1939,1
1940,1
1941,0
1942,1
1943,1
1944,0
1945,0
1946,0
1947,1
1948,1
1949,1
1950,1
1951,1
1952,1
1953,1
1954,1
1955,0
1956,1
1957,0
1958,0
1959,1
1960,0
1961,1
1962,0
1963,1
1964,0
1965,0
1966,0
1967,1
1968,0
1969,1
1970,1
1971,1
1972,0
1973,1
1974,0
1975,1
1976,1
1977,1
1978,1
1979,1
1980,0
1981,1
1982,0
1983,0
1984,1
1985,1
1986,1
1987,1
1988,1
1989,1
1990,1
1991,0
1992,0
1993,1
1994,1
1995,0
1996,1
1997,0
1998,1
1999,0
2000,0
2001,1
2002,0
2003,1
2004,0
2005,1
2006,1
2007,1
2008,0
2009,1
2010,0
2011,1
2012,0
2013,0
2014,1
2015,1
2016,1
2017,1
2018,1
2019,1
2020,0
2021,1
2022,0
2023,1
2024,0
2025,0
2026,1
2027,1
2028,1
2029,0
2030,1
2031,1
2032,0
2033,1
2034,0
2035,0
2036,1
2037,1
2038,1
2039,0
2040,1
2041,1
2042,1
2043,0
2044,1
2045,1
2046,1
2047,1
2048,0
2049,1
2050,0
2051,1
2052,0
2053,1
2054,1
2055,1
2056,1
2057,1
2058,1
2059,0
2060,0
2061,1
2062,1
2063,0
2064,1
2065,1
2066,0
2067,1
2068,1
2069,1
2070,1
2071,0
2072,1
2073,0
2074,0
2075,1
2076,1
2077,1
2078,0
2079,1
2080,0
2081,0
2082,1
2083,1
2084,1
2085,1
2086,0
2087,1
2088,1
2089,0
2090,0
2091,0
2092,1
2093,1
2094,0
2095,1
2096,0
2097,0
2098,1
2099,0
2100,0
2101,0
2102,1
2103,0
2104,0
2105,1
2106,1
2107,1
2108,0
2109,0
2110,1
2111,0
2112,1
2113,1
2114,1
2115,0
2116,0
2117,0
2118,0
2119,0
2120,0
2121,0
2122,0
2123,1
2124,0
2125,1
2126,1
2127,0
2128,1
2129,0
2130,0
2131,0
2132,1
2133,1
2134,1
2135,0
2136,1
2137,0
2138,0
2139,0
2140,1
2141,0
2142,0
2143,1
2144,0
2145,0
2146,1
2147,0
2148,0
2149,1
2150,1
2151,1
2152,1
2153,0
2154,0
2155,0
2156,0
2157,1
2158,1
2159,0
2160,1
2161,1
2162,1
2163,0
2164,1
2165,1
2166,0
2167,1
2168,1
2169,1
2170,1
2171,0
2172,1
2173,0
2174,0
2175,0
2176,1
2177,0
2178,1
2179,1
2180,1
2181,1
2182,1
2183,1
2184,0
2185,1
2186,0
2187,1
2188,1
2189,0
2190,1
2191,0
2192,0
2193,0
2194,0
2195,1
2196,1
2197,1
2198,1
2199,1
2200,1
2201,0
2202,1
2203,1
2204,0
2205,0
2206,0
2207,0
2208,1
2209,1
2210,1
2211,1
2212,0
2213,0
2214,0
2215,1
2216,1
2217,0
2218,1
2219,1
2220,1
2221,1
2222,1
2223,1
2224,0
2225,1
2226,1
2227,1
2228,0
2229,1
2230,1
2231,1
2232,1
2233,1
2234,0
2235,1
2236,0
2237,1
2238,1
2239,1
2240,1
2241,1
2242,1
2243,1
2244,1
2245,1
2246,0
2247,1
2248,1
2249,1
2250,0
2251,0
2252,1
2253,1
2254,1
2255,1
2256,0
2257,0
2258,1
2259,1
2260,1
2261,1
2262,1
2263,0
2264,1
2265,1
2266,1
2267,1
2268,0
2269,1
2270,1
2271,1
2272,1
2273,1
2274,1
2275,1
2276,0
2277,1
2278,0
2279,1
2280,0
2281,0
2282,1
2283,0
2284,1
2285,1
2286,1
2287,0
2288,1
2289,1
2290,1
2291,0
2292,1
2293,0
2294,0
2295,1
2296,0
2297,0
2298,1
2299,1
2300,0
2301,1
2302,1
2303,0
2304,1
2305,1
2306,1
2307,1
2308,1
2309,0
2310,1
2311,0
2312,1
2313,1
2314,1
2315,1
2316,0
2317,0
2318,1
2319,0
2320,1
2321,1
2322,0
2323,0
2324,0
2325,0
2326,0
2327,0
2328,0
2329,0
2330,1
2331,1
2332,1
2333,1
2334,1
2335,1
2336,0
2337,1
2338,1
2339,0
2340,1
2341,0
2342,1
2343,1
2344,1
2345,1
2346,0
2347,0
2348,0
2349,0
2350,1
2351,1
2352,0
2353,0
2354,1
2355,1
2356,1
2357,0
2358,0
2359,1
2360,0
2361,1
2362,1
2363,0
2364,1
2365,1
2366,1
2367,1
2368,0
2369,1
2370,1
2371,1
2372,0
2373,1
2374,1
2375,0
2376,1
2377,0
2378,1
2379,1
2380,0
2381,0
2382,0
2383,1
2384,1
2385,1
2386,1
2387,1
2388,1
2389,1
2390,0
2391,0
2392,0
2393,1
2394,1
2395,0
2396,0
2397,1
2398,1
2399,0
2400,0
2401,0
2402,0
2403,0
2404,0
2405,1
2406,1
2407,0
2408,0
2409,0
2410,1
2411,1
2412,1
2413,0
2414,0
2415,1
2416,0
2417,0
2418,1
2419,1
2420,1
2421,1
2422,1
2423,1
2424,0
2425,0
2426,0
2427,1
2428,1
2429,1
2430,1
2431,1
2432,0
2433,0
2434,1
2435,1
2436,1
2437,0
2438,0
2439,1
2440,1
2441,1
2442,0
2443,1
2444,1
2445,0
2446,1
2447,1
2448,1
2449,1
2450,0
2451,0
2452,1
2453,0
2454,0
2455,1
2456,1
2457,0
2458,0
2459,1
2460,0
2461,0
2462,1
2463,1
2464,0
2465,1
2466,1
2467,1
2468,0
2469,1
2470,1
2471,0
2472,1
2473,0
2474,0
2475,0
2476,1
2477,1
2478,1
2479,1
2480,0
2481,1
2482,0
2483,1
2484,1
2485,0
2486,0
2487,0
2488,1
2489,0
2490,1
2491,0
2492,0
2493,1
2494,1
2495,1
2496,1
2497,1
2498,0
2499,1
2500,0
2501,0
2502,1
2503,1
2504,1
2505,0
2506,1
2507,1
2508,0
2509,0
2510,1
2511,1
2512,1
2513,1
2514,1
2515,1
2516,0
2517,1
2518,1
2519,1
2520,1
2521,0
2522,0
2523,1
2524,0
2525,0
2526,0
2527,1
2528,1
2529,1
2530,0
2531,0
2532,1
2533,1
2534,0
2535,1
2536,0
2537,1
2538,1
2539,1
2540,1
2541,1
2542,0
2543,0
2544,0
2545,0
2546,1
2547,0
2548,1
2549,1
2550,0
2551,0
2552,1
2553,0
2554,1
2555,1
2556,1
2557,0
2558,0
2559,1
2560,1
2561,1
2562,1
2563,1
2564,1
2565,0
2566,1
2567,0
2568,0
2569,1
2570,1
2571,1
2572,1
2573,1
2574,1
2575,1
2576,1
2577,0
2578,1
2579,1
2580,0
2581,1
2582,0
2583,0
2584,1
2585,1
2586,1
2587,0
2588,1
2589,0
2590,0
2591,0
2592,1
2593,1
2594,1
2595,0
2596,1
2597,1
2598,0
2599,1
2600,1
2601,1
2602,0
2603,1
2604,0
2605,1
2606,1
2607,1
2608,0
2609,0
2610,1
2611,1
2612,1
2613,1
2614,1
2615,1
2616,1
2617,1
2618,1
2619,1
2620,0
2621,0
2622,1
2623,1
2624,0
2625,0
2626,1
2627,1
2628,1
2629,1
2630,1
2631,0
2632,0
2633,1
2634,1
2635,1
2636,0
2637,0
2638,0
2639,0
2640,1
2641,1
2642,1
2643,1
2644,0
2645,1
2646,0
2647,0
2648,1
2649,0
2650,1
2651,0
2652,1
2653,1
2654,0
2655,0
2656,1
2657,1
2658,0
2659,0
2660,0
2661,0
2662,1
2663,1
2664,1
2665,1
2666,0
2667,0
2668,1
2669,1
2670,1
2671,1
2672,0
2673,0
2674,1
2675,0
2676,0
2677,1
2678,1
2679,1
2680,1
2681,1
2682,1
2683,1
2684,1
2685,1
2686,0
2687,1
2688,1
2689,1
2690,0
2691,1
2692,1
2693,1
2694,1
2695,1
2696,1
2697,1
2698,0
2699,0
2700,0
2701,1
2702,1
2703,1
2704,1
2705,1
2706,0
2707,1
2708,1
2709,0
2710,1
2711,1
2712,0
2713,0
2714,1
2715,1
2716,1
2717,0
2718,1
2719,0
2720,1
2721,0
2722,1
2723,1
2724,1
2725,0
2726,0
2727,0
2728,0
2729,0
2730,0
2731,0
2732,1
2733,1
2734,1
2735,1
2736,1
2737,0
2738,0
2739,1
2740,0
2741,1
2742,0
2743,1
2744,1
2745,1
2746,1
2747,1
2748,1
2749,0
2750,1
2751,0
2752,1
2753,1
2754,0
2755,1
2756,1
2757,0
2758,0
2759,1
2760,0
2761,1
2762,1
2763,0
2764,0
2765,0
2766,1
2767,1
2768,0
2769,1
2770,0
2771,1
2772,1
2773,1
2774,1
2775,1
2776,0
2777,0
2778,0
2779,1
2780,1
2781,0
2782,0
2783,1
2784,1
2785,0
2786,1
2787,1
2788,1
2789,1
2790,0
2791,1
2792,1
2793,1
2794,1
2795,1
2796,1
2797,0
2798,1
2799,0
2800,0
2801,0
2802,1
2803,1
2804,0
2805,1
2806,1
2807,0
2808,1
2809,1
2810,1
2811,0
2812,0
2813,1
2814,1
2815,0
2816,1
2817,0
2818,1
2819,1
2820,1
2821,0
2822,1
2823,1
2824,1
2825,0
2826,1
2827,1
2828,0
2829,1
2830,0
2831,0
2832,0
2833,1
2834,1
2835,0
2836,0
2837,0
2838,1
2839,1
2840,0
2841,1
2842,1
2843,0
2844,1
2845,0
2846,1
2847,0
2848,0
2849,1
2850,0
2851,1
2852,1
2853,1
2854,1
2855,0
2856,1
2857,0
2858,1
2859,1
2860,1
2861,1
2862,1
2863,0
2864,1
2865,1
2866,1
2867,1
2868,1
2869,1
2870,1
2871,0
2872,1
2873,1
2874,0
2875,0
2876,0
2877,1
2878,1
2879,1
2880,1
2881,1
2882,1
2883,0
2884,1
2885,1
2886,0
2887,1
2888,0
2889,1
2890,1
2891,0
2892,1
2893,0
2894,1
2895,1
2896,0
2897,0
2898,0
2899,0
2900,0
2901,0
2902,0
2903,0
2904,1
2905,0
2906,0
2907,0
2908,1
2909,0
2910,1
2911,1
2912,0
2913,1
2914,0
2915,1
2916,0
2917,0
2918,0
2919,0
2920,1
2921,0
2922,1
2923,1
2924,1
2925,0
2926,0
2927,0
2928,0
2929,0
2930,0
2931,1
2932,1
2933,1
2934,1
2935,0
2936,1
2937,0
2938,1
2939,0
2940,0
2941,1
2942,1
2943,1
2944,1
2945,1
2946,0
2947,1
2948,1
2949,1
2950,0
2951,0
2952,1
2953,0
2954,1
2955,1
2956,0
2957,1
2958,1
2959,0
2960,1
2961,1
2962,1
2963,0
2964,1
2965,0
2966,0
2967,1
2968,0
2969,1
2970,0
2971,1
2972,1
2973,1
2974,0
2975,1
2976,1
2977,0
2978,1
2979,1
2980,0
2981,0
2982,1
2983,0
2984,1
2985,1
2986,0
2987,0
2988,1
2989,1
2990,0
2991,0
2992,0
2993,1
2994,1
2995,0
2996,0
2997,1
2998,0
2999,1
3000,1
3001,1
3002,1
3003,1
3004,1
3005,1
3006,1
3007,0
3008,1
3009,1
3010,1
3011,1
3012,1
3013,1
3014,0
3015,1
3016,0
3017,0
3018,1
3019,0
3020,0
3021,0
3022,0
3023,0
3024,1
3025,1
3026,0
3027,1
3028,1
3029,1
3030,1
3031,1
3032,1
3033,1
3034,0
3035,1
3036,1
3037,1
3038,1
3039,1
3040,1
3041,0
3042,0
3043,1
3044,1
3045,1
3046,1
3047,0
3048,1
3049,1
3050,1
3051,1
3052,0
3053,0
3054,1
3055,1
3056,0
3057,0
3058,0
3059,1
3060,0
3061,0
3062,0
3063,1
3064,1
3065,1
3066,1
3067,1
3068,0
3069,0
3070,0
3071,0
3072,1
3073,1
3074,1
3075,1
3076,1
3077,0
3078,1
3079,1
3080,0
3081,0
3082,0
3083,0
3084,1
3085,0
3086,1
3087,0
3088,1
3089,0
3090,1
3091,0
3092,1
3093,0
3094,0
3095,0
3096,1
3097,1
3098,0
3099,1
3100,1
3101,1
3102,0
3103,1
3104,1
3105,1
3106,1
3107,0
3108,0
3109,0
3110,1
3111,1
3112,0
3113,1
3114,0
3115,1
3116,1
3117,1
3118,1
3119,0
3120,1
3121,0
3122,1
3123,0
3124,1
3125,1
3126,0
3127,1
3128,0
3129,1
3130,1
3131,1
3132,1
3133,0
3134,1
3135,1
3136,1
3137,0
3138,0
3139,0
3140,0
3141,0
3142,0
3143,1
3144,1
3145,0
3146,1
3147,0
3148,0
3149,0
3150,0
3151,1
3152,1
3153,1
3154,0
3155,0
3156,0
3157,0
3158,1
3159,1
3160,1
3161,0
3162,1
3163,1
3164,1
3165,1
3166,1
3167,1
3168,1
3169,0
3170,0
3171,0
3172,1
3173,0
3174,1
3175,0
3176,1
3177,1
3178,0
3179,0
3180,1
3181,1
3182,0
3183,1
3184,0
3185,1
3186,1
3187,1
3188,1
3189,1
3190,1
3191,1
3192,0
3193,1
3194,0
3195,0
3196,0
3197,0
3198,1
3199,0
3200,1
3201,1
3202,1
3203,1
3204,1
3205,1
3206,1
3207,0
3208,0
3209,1
3210,0
3211,1
3212,0
3213,1
3214,1
3215,1
3216,1
3217,1
3218,1
3219,1
3220,1
3221,1
3222,1
3223,1
3224,1
3225,0
3226,0
3227,1
3228,0
3229,1
3230,1
3231,0
3232,0
3233,0
3234,1
3235,0
3236,1
3237,1
3238,1
3239,0
3240,0
3241,1
3242,1
3243,1
3244,1
3245,1
3246,0
3247,1
3248,1
3249,1
3250,1
3251,1
3252,1
3253,0
3254,0
3255,0
3256,0
3257,1
3258,1
3259,0
3260,1
3261,1
3262,1
3263,1
3264,1
3265,0
3266,0
3267,0
3268,0
3269,1
3270,0
3271,0
3272,1
3273,0
3274,0
3275,1
3276,1
3277,0
3278,1
3279,1
3280,0
3281,0
3282,1
3283,1
3284,0
3285,1
3286,1
3287,0
3288,1
3289,0
3290,0
3291,1
3292,1
3293,1
3294,1
3295,1
3296,1
3297,0
3298,0
3299,0
3300,0
3301,1
3302,1
3303,0
3304,0
3305,1
3306,1
3307,0
3308,0
3309,1
3310,1
3311,0
3312,0
3313,0
3314,1
3315,1
3316,1
3317,0
3318,1
3319,1
3320,1
3321,0
3322,0
3323,1
3324,1
3325,0
3326,0
3327,1
3328,1
3329,0
3330,0
3331,0
3332,0
3333,1
3334,0
3335,1
3336,1
3337,1
3338,0
3339,0
3340,0
3341,0
3342,1
3343,1
3344,1
3345,0
3346,1
3347,1
3348,1
3349,0
3350,0
3351,0
3352,1
3353,1
3354,0
3355,1
3356,0
3357,0
3358,0
3359,1
3360,1
3361,0
3362,1
3363,1
3364,1
3365,0
3366,1
3367,1
3368,1
3369,0
3370,1
3371,0
3372,1
3373,0
3374,1
3375,1
3376,0
3377,0
3378,1
3379,0
3380,0
3381,1
3382,1
3383,1
3384,1
3385,0
3386,0
3387,1
3388,0
3389,1
3390,1
3391,1
3392,1
3393,0
3394,0
3395,0
3396,0
3397,1
3398,1
3399,1
3400,0
3401,0
3402,1
3403,1
3404,0
3405,0
3406,1
3407,0
3408,1
3409,1
3410,0
3411,0
3412,1
3413,1
3414,0
3415,1
3416,0
3417,1
3418,0
3419,0
3420,1
3421,0
3422,0
3423,1
3424,0
3425,0
3426,1
3427,1
3428,1
3429,1
3430,1
3431,1
3432,1
3433,0
3434,1
3435,0
3436,0
3437,0
3438,1
3439,0
3440,0
3441,1
3442,0
3443,1
3444,0
3445,1
3446,0
3447,1
3448,1
3449,0
3450,0
3451,1
3452,1
3453,0
3454,1
3455,1
3456,0
3457,1
3458,1
3459,0
3460,0
3461,0
3462,0
3463,1
3464,1
3465,0
3466,0
3467,1
3468,0
3469,1
3470,1
3471,1
3472,0
3473,1
3474,1
3475,0
3476,0
3477,1
3478,1
3479,0
3480,1
3481,0
3482,0
3483,0
3484,1
3485,0
3486,0
3487,1
3488,1
3489,1
3490,1
3491,1
3492,0
3493,1
3494,0
3495,1
3496,1
3497,1
3498,1
3499,0
3500,0
3501,1
3502,1
3503,1
3504,1
3505,1
3506,0
3507,0
3508,0
3509,0
3510,0
3511,0
3512,1
3513,0
3514,0
3515,1
3516,0
3517,1
3518,0
3519,1
3520,0
3521,0
3522,1
3523,0
3524,0
3525,0
3526,1
3527,1
3528,0
3529,0
3530,1
3531,0
3532,1
3533,1
3534,1
3535,0
3536,1
3537,1
3538,1
3539,0
3540,1
3541,1
3542,1
3543,1
3544,0
3545,1
3546,1
3547,1
3548,1
3549,1
3550,1
3551,0
3552,0
3553,1
3554,1
3555,1
3556,1
3557,0
3558,0
3559,1
3560,1
3561,1
3562,0
3563,1
3564,1
3565,0
3566,1
3567,1
3568,1
3569,0
3570,1
3571,0
3572,0
3573,0
3574,0
3575,1
3576,0
3577,0
3578,1
3579,1
3580,1
3581,1
3582,0
3583,1
3584,0
3585,0
3586,1
3587,1
3588,1
3589,0
3590,1
3591,1
3592,1
3593,0
3594,0
3595,1
3596,0
3597,0
3598,1
3599,1
3600,0
3601,1
3602,0
3603,1
3604,0
3605,1
3606,1
3607,0
3608,0
3609,1
3610,0
3611,0
3612,1
3613,0
3614,0
3615,1
3616,1
3617,0
3618,1
3619,1
3620,0
3621,1
3622,0
3623,0
3624,1
3625,1
3626,1
3627,1
3628,1
3629,0
3630,1
3631,0
3632,0
3633,1
3634,1
3635,0
3636,1
3637,1
3638,1
3639,1
3640,0
3641,0
3642,1
3643,0
3644,1
3645,1
3646,1
3647,0
3648,0
3649,1
3650,1
3651,0
3652,1
3653,1
3654,0
3655,1
3656,1
3657,1
3658,1
3659,0
3660,0
3661,1
3662,0
3663,0
3664,0
3665,1
3666,1
3667,1
3668,0
3669,0
3670,0
3671,0
3672,0
3673,0
3674,1
3675,0
3676,0
3677,0
3678,0
3679,1
3680,0
3681,1
3682,1
3683,0
3684,1
3685,1
3686,1
3687,1
3688,0
3689,1
3690,1
3691,0
3692,0
3693,0
3694,1
3695,1
3696,0
3697,0
3698,0
3699,0
3700,1
3701,1
3702,1
3703,0
3704,0
3705,1
3706,1
3707,1
3708,0
3709,0
3710,0
3711,0
3712,0
3713,0
3714,0
3715,1
3716,0
3717,1
3718,1
3719,1
3720,0
3721,1
3722,1
3723,1
3724,0
3725,0
3726,0
3727,1
3728,0
3729,1
3730,0
3731,1
3732,0
3733,1
3734,1
3735,0
3736,0
3737,1
3738,1
3739,1
3740,0
3741,1
3742,1
3743,0
3744,0
3745,1
3746,1
3747,1
3748,1
3749,0
3750,1
3751,1
3752,0
3753,1
3754,1
3755,0
3756,0
3757,1
3758,1
3759,1
3760,0
3761,1
3762,0
3763,1
3764,1
3765,0
3766,0
3767,0
3768,1
3769,0
3770,1
3771,1
3772,1
3773,0
3774,0
3775,1
3776,0
3777,0
3778,1
3779,0
3780,1
3781,1
3782,1
3783,1
3784,1
3785,1
3786,1
3787,0
3788,0
3789,1
3790,1
3791,1
3792,1
3793,0
3794,1
3795,0
3796,1
3797,0
3798,1
3799,0
3800,0
3801,1
3802,0
3803,1
3804,0
3805,0
3806,1
3807,1
3808,1
3809,1
3810,0
3811,1
3812,1
3813,0
3814,1
3815,0
3816,0
3817,1
3818,0
3819,0
3820,1
3821,1
3822,1
3823,0
3824,1
3825,1
3826,0
3827,1
3828,0
3829,0
3830,0
3831,1
3832,0
3833,1
3834,1
3835,1
3836,0
3837,0
3838,1
3839,1
3840,1
3841,1
3842,1
3843,1
3844,1
3845,0
3846,0
3847,1
3848,0
3849,0
3850,0
3851,1
3852,1
3853,1
3854,1
3855,0
3856,1
3857,1
3858,1
3859,1
3860,1
3861,1
3862,1
3863,0
3864,0
3865,0
3866,1
3867,0
3868,0
3869,0
3870,1
3871,0
3872,1
3873,1
3874,1
3875,1
3876,0
3877,0
3878,1
3879,0
3880,0
3881,1
3882,1
3883,0
3884,0
3885,0
3886,1
3887,1
3888,0
3889,1
3890,0
3891,0
3892,1
3893,1
3894,0
3895,1
3896,0
3897,1
3898,1
3899,0
3900,1
3901,1
3902,1
3903,1
3904,0
3905,0
3906,1
3907,0
3908,1
3909,1
3910,1
3911,1
3912,1
3913,1
3914,1
3915,1
3916,0
3917,0
3918,1
3919,1
3920,0
3921,1
3922,0
3923,1
3924,1
3925,0
3926,0
3927,0
3928,1
3929,1
3930,1
3931,1
3932,1
3933,0
3934,0
3935,0
3936,0
3937,1
3938,0
3939,1
3940,1
3941,0
3942,1
3943,1
3944,0
3945,1
3946,0
3947,1
3948,0
3949,1
3950,1
3951,1
3952,0
3953,1
3954,1
3955,0
3956,1
3957,1
3958,0
3959,1
3960,1
3961,1
3962,1
3963,1
3964,1
3965,1
3966,1
3967,1
3968,1
3969,0
3970,1
3971,0
3972,1
3973,1
3974,1
3975,1
3976,1
3977,0
3978,1
3979,0
3980,1
3981,1
3982,0
3983,1
3984,0
3985,1
3986,1
3987,0
3988,0
3989,1
3990,1
3991,0
3992,1
3993,1
3994,1
3995,0
3996,1
3997,0
3998,1
3999,0
4000,0
4001,1
4002,1
4003,1
4004,1
4005,1
4006,0
4007,1
4008,0
4009,1
4010,1
4011,0
4012,1
4013,1
4014,0
4015,1
4016,0
4017,1
4018,1
4019,1
4020,1
4021,1
4022,0
4023,0
4024,1
4025,1
4026,0
4027,0
4028,0
4029,0
4030,1
4031,1
4032,1
4033,1
4034,0
4035,1
4036,0
4037,0
4038,0
4039,1
4040,0
4041,1
4042,1
4043,1
4044,1
4045,0
4046,1
4047,1
4048,0
4049,1
4050,1
4051,0
4052,0
4053,1
4054,1
4055,1
4056,1
4057,1
4058,1
4059,1
4060,1
4061,1
4062,0
4063,0
4064,1
4065,0
4066,0
4067,1
4068,0
4069,0
4070,0
4071,1
4072,0
4073,0
4074,1
4075,1
4076,0
4077,1
4078,1
4079,1
4080,1
4081,1
4082,1
4083,1
4084,0
4085,1
4086,1
4087,0
4088,1
4089,1
4090,0
4091,1
4092,1
4093,1
4094,0
4095,0
4096,1
4097,1
4098,0
4099,1
4100,0
4101,1
4102,1
4103,0
4104,0
4105,1
4106,0
4107,1
4108,0
4109,0
4110,1
4111,1
4112,0
4113,0
4114,1
4115,1
4116,1
4117,1
4118,1
4119,0
4120,1
4121,1
4122,1
4123,0
4124,0
4125,0
4126,1
4127,1
4128,1
4129,0
4130,0
4131,0
4132,0
4133,1
4134,1
4135,1
4136,0
4137,0
4138,1
4139,1
4140,1
4141,1
4142,0
4143,1
4144,1
4145,1
4146,0
4147,1
4148,1
4149,0
4150,0
4151,1
4152,0
4153,1
4154,1
4155,1
4156,0
4157,0
4158,0
4159,0
4160,1
4161,0
4162,1
4163,1
4164,0
4165,1
4166,1
4167,0
4168,1
4169,1
4170,1
4171,1
4172,0
4173,1
4174,0
4175,0
4176,0
4177,1
4178,1
4179,1
4180,1
4181,1
4182,1
4183,1
4184,0
4185,0
4186,1
4187,0
4188,1
4189,1
4190,1
4191,1
4192,1
4193,1
4194,1
4195,1
4196,1
4197,1
4198,0
4199,1
4200,0
4201,1
4202,1
4203,1
4204,0
4205,1
4206,1
4207,0
4208,0
4209,1
4210,0
4211,0
4212,1
4213,0
4214,1
4215,1
4216,1
4217,1
4218,1
4219,1
4220,1
4221,0
4222,0
4223,0
4224,0
4225,1
4226,0
4227,1
4228,1
4229,1
4230,1
4231,1
4232,0
4233,1
4234,1
4235,1
4236,0
4237,1
4238,0
4239,0
4240,0
4241,1
4242,1
4243,1
4244,1
4245,1
4246,1
4247,1
4248,0
4249,1
4250,0
4251,1
4252,0
4253,0
4254,1
4255,0
4256,0
4257,1
4258,1
4259,1
4260,1
4261,0
4262,1
4263,1
4264,0
4265,1
4266,1
4267,0
4268,0
4269,0
4270,0
4271,1
4272,1
4273,1
4274,1
4275,0
4276,1
4277,1
4278,0
4279,0
4280,1
4281,0
4282,0
4283,1
4284,1
4285,0
4286,0
4287,1
4288,0
4289,1
4290,0
4291,0
4292,0
4293,0
4294,0
4295,0
4296,0
4297,0
4298,1
4299,1
4300,1
4301,0
4302,1
4303,1
4304,0
4305,0
4306,0
4307,1
4308,0
4309,0
4310,0
4311,1
4312,1
4313,1
4314,0
4315,1
4316,0
4317,1
4318,1
4319,1
4320,1
4321,0
4322,1
4323,0
4324,1
4325,0
4326,0
4327,1
4328,0
4329,1
4330,1
4331,1
4332,0
4333,1
4334,1
4335,1
4336,1
4337,0
4338,1
4339,1
4340,1
4341,1
4342,0
4343,1
4344,0
4345,1
4346,1
4347,1
4348,1
4349,1
4350,1
4351,0
4352,0
4353,0
4354,1
4355,1
4356,0
4357,1
4358,0
4359,0
4360,1
4361,1
4362,0
4363,1
4364,1
4365,1
4366,1
4367,1
4368,1
4369,1
4370,1
4371,1
4372,1
4373,0
4374,0
4375,0
4376,0
4377,1
4378,0
4379,1
4380,0
4381,1
4382,0
4383,1
4384,1
4385,1
4386,0
4387,1
4388,1
4389,0
4390,1
4391,0
4392,1
4393,1
4394,1
4395,0
4396,1
4397,1
4398,0
4399,0
4400,1
4401,1
4402,1
4403,1
4404,0
4405,0
4406,0
4407,0
4408,1
4409,1
4410,1
4411,1
4412,1
4413,0
4414,0
4415,1
4416,0
4417,1
4418,1
4419,1
4420,1
4421,1
4422,0
4423,1
4424,0
4425,0
4426,0
4427,1
4428,1
4429,0
4430,1
4431,1
4432,0
4433,1
4434,1
4435,1
4436,1
4437,1
4438,1
4439,1
4440,0
4441,0
4442,0
4443,1
4444,1
4445,0
4446,0
4447,1
4448,0
4449,0
4450,1
4451,1
4452,1
4453,1
4454,0
4455,1
4456,0
4457,0
4458,1
4459,1
4460,0
4461,1
4462,1
4463,0
4464,1
4465,0
4466,0
4467,0
4468,0
4469,0
4470,0
4471,1
4472,1
4473,1
4474,1
4475,1
4476,1
4477,0
4478,1
4479,0
4480,0
4481,1
4482,1
4483,0
4484,1
4485,0
4486,1
4487,0
4488,1
4489,1
4490,1
4491,0
4492,0
4493,0
4494,1
4495,0
4496,1
4497,1
4498,1
4499,0
4500,1
4501,0
4502,1
4503,0
4504,0
4505,0
4506,0
4507,1
4508,0
4509,1
4510,0
4511,0
4512,0
4513,1
4514,0
4515,1
4516,1
4517,1
4518,0
4519,1
4520,1
4521,1
4522,1
4523,0
4524,1
4525,1
4526,1
4527,1
4528,0
4529,1
4530,0
4531,1
4532,0
4533,1
4534,1
4535,1
4536,0
4537,0
4538,1
4539,0
4540,1
4541,1
4542,0
4543,1
4544,1
4545,1
4546,0
4547,1
4548,0
4549,1
4550,0
4551,1
4552,1
4553,0
4554,1
4555,1
4556,1
4557,1
4558,1
4559,1
4560,1
4561,0
4562,1
4563,1
4564,0
4565,1
4566,1
4567,1
4568,1
4569,1
4570,1
4571,0
4572,1
4573,0
4574,1
4575,0
4576,1
4577,0
4578,1
4579,1
4580,1
4581,1
4582,0
4583,1
4584,0
4585,1
4586,1
4587,0
4588,0
4589,1
4590,1
4591,0
4592,1
4593,0
4594,0
4595,1
4596,1
4597,0
4598,1
4599,0
4600,1
4601,1
4602,1
4603,1
4604,1
4605,1
4606,1
4607,1
4608,0
4609,1
4610,1
4611,1
4612,0
4613,0
4614,1
4615,1
4616,1
4617,1
4618,0
4619,0
4620,1
4621,1
4622,1
4623,1
4624,1
4625,0
4626,0
4627,0
4628,0
4629,0
4630,0
4631,1
4632,1
4633,1
4634,0
4635,1
4636,0
4637,0
4638,0
4639,1
4640,1
4641,1
4642,0
4643,0
4644,1
4645,1
4646,1
4647,1
4648,0
4649,1
4650,1
4651,0
4652,1
4653,1
4654,1
4655,0
4656,1
4657,1
4658,0
4659,0
4660,1
4661,1
4662,0
4663,0
4664,1
4665,1
4666,1
4667,1
4668,0
4669,1
4670,0
4671,1
4672,1
4673,1
4674,1
4675,1
4676,1
4677,0
4678,1
4679,0
4680,0
4681,1
4682,1
4683,1
4684,1
4685,1
4686,1
4687,0
4688,1
4689,1
4690,1
4691,0
4692,0
4693,1
4694,1
4695,1
4696,1
4697,1
4698,1
4699,1
4700,1
4701,1
4702,0
4703,1
4704,1
4705,1
4706,0
4707,1
4708,1
4709,1
4710,0
4711,1
4712,1
4713,1
4714,1
4715,0
4716,1
4717,1
4718,1
4719,1
4720,0
4721,1
4722,1
4723,0
4724,1
4725,1
4726,1
4727,0
4728,1
4729,1
4730,0
4731,0
4732,1
4733,1
4734,0
4735,1
4736,1
4737,1
4738,0
4739,1
4740,1
4741,0
4742,0
4743,0
4744,1
4745,1
4746,0
4747,0
4748,1
4749,0
4750,1
4751,1
4752,1
4753,1
4754,1
4755,0
4756,1
4757,0
4758,1
4759,0
4760,0
4761,0
4762,1
4763,1
4764,1
4765,0
4766,0
4767,0
4768,0
4769,1
4770,1
4771,1
4772,0
4773,1
4774,1
4775,1
4776,1
4777,0
4778,1
4779,1
4780,0
4781,1
4782,1
4783,1
4784,1
4785,0
4786,1
4787,0
4788,1
4789,1
4790,0
4791,0
4792,1
4793,1
4794,0
4795,1
4796,0
4797,0
4798,0
4799,1
4800,1
4801,1
4802,1
4803,1
4804,1
4805,0
4806,1
4807,1
4808,0
4809,0
4810,1
4811,1
4812,1
4813,1
4814,0
4815,0
4816,1
4817,1
4818,0
4819,1
4820,0
4821,1
4822,1
4823,1
4824,1
4825,1
4826,0
4827,0
4828,0
4829,1
4830,1
4831,1
4832,0
4833,1
4834,1
4835,1
4836,1
4837,1
4838,0
4839,0
4840,1
4841,0
4842,1
4843,0
4844,1
4845,0
4846,1
4847,1
4848,1
4849,1
4850,1
4851,1
4852,1
4853,0
4854,1
4855,1
4856,1
4857,1
4858,1
4859,0
4860,0
4861,0
4862,1
4863,0
4864,0
4865,0
4866,1
4867,0
4868,1
4869,0
4870,0
4871,1
4872,1
4873,0
4874,0
4875,1
4876,0
4877,0
4878,0
4879,0
4880,1
4881,1
4882,1
4883,0
4884,1
4885,1
4886,1
4887,1
4888,0
4889,0
4890,1
4891,1
4892,0
4893,0
4894,0
4895,1
4896,1
4897,1
4898,0
4899,1
4900,0
4901,0
4902,1
4903,1
4904,0
4905,0
4906,0
4907,1
4908,0
4909,1
4910,0
4911,1
4912,1
4913,0
4914,1
4915,1
4916,1
4917,0
4918,1
4919,1
4920,1
4921,1
4922,0
4923,0
4924,1
4925,1
4926,1
4927,1
4928,1
4929,1
4930,0
4931,1
4932,1
4933,0
4934,0
4935,1
4936,1
4937,1
4938,0
4939,1
4940,0
4941,0
4942,1
4943,1
4944,0
4945,0
4946,0
4947,1
4948,1
4949,1
4950,1
4951,0
4952,0
4953,0
4954,0
4955,0
4956,0
4957,1
4958,1
4959,1
4960,1
4961,0
4962,0
4963,1
4964,1
4965,0
4966,0
4967,0
4968,1
4969,1
4970,1
4971,1
4972,1
4973,1
4974,1
4975,1
4976,1
4977,1
4978,1
4979,1
4980,1
4981,0
4982,0
4983,0
4984,1
4985,1
4986,1
4987,0
4988,1
4989,1
4990,1
4991,0
4992,1
4993,1
4994,0
4995,0
4996,0
4997,1
4998,1
4999,0
5000,1
5001,0
5002,0
5003,0
5004,0
5005,0
5006,0
5007,1
5008,0
5009,0
5010,1
5011,1
5012,1
5013,0
5014,0
5015,1
5016,1
5017,0
5018,1
5019,1
5020,1
5021,0
5022,0
5023,0
5024,1
5025,0
5026,1
5027,1
5028,0
5029,0
5030,0
5031,0
5032,1
5033,1
5034,1
5035,0
5036,1
5037,0
5038,1
5039,0
5040,0
5041,0
5042,0
5043,1
5044,0
5045,1
5046,1
5047,0
5048,1
5049,1
5050,1
5051,0
5052,1
5053,1
5054,0
5055,1
5056,0
5057,1
5058,1
5059,0
5060,0
5061,1
5062,1
5063,1
5064,1
5065,1
5066,1
5067,1
5068,0
5069,1
5070,0
5071,1
5072,1
5073,1
5074,1
5075,1
5076,0
5077,1
5078,0
5079,0
5080,0
5081,1
5082,1
5083,0
5084,1
5085,0
5086,0
5087,1
5088,0
5089,1
5090,1
5091,1
5092,0
5093,1
5094,1
5095,1
5096,0
5097,1
5098,0
5099,0
5100,0
5101,1
5102,1
5103,1
5104,1
5105,1
5106,1
5107,0
5108,0
5109,1
5110,0
5111,0
5112,1
5113,1
5114,0
5115,1
5116,0
5117,0
5118,0
5119,1
5120,1
5121,0
5122,1
5123,0
5124,0
5125,0
5126,1
5127,0
5128,0
5129,0
5130,1
5131,0
5132,1
5133,1
5134,0
5135,0
5136,0
5137,1
5138,0
5139,0
5140,0
5141,1
5142,1
5143,0
5144,0
5145,0
5146,1
5147,1
5148,0
5149,0
5150,0
5151,0
5152,0
5153,1
5154,0
5155,0
5156,1
5157,1
5158,1
5159,0
5160,1
5161,1
5162,0
5163,0
5164,1
5165,1
5166,1
5167,1
5168,1
5169,1
5170,1
5171,1
5172,0
5173,0
5174,1
5175,1
5176,0
5177,1
5178,0
5179,0
5180,1
5181,1
5182,1
5183,1
5184,0
5185,1
5186,1
5187,1
5188,0
5189,0
5190,1
5191,1
5192,1
5193,1
5194,0
5195,1
5196,1
5197,0
5198,0
5199,1
5200,1
5201,1
5202,1
5203,0
5204,1
5205,1
5206,1
5207,1
5208,1
5209,1
5210,0
5211,0
5212,0
5213,0
5214,0
5215,1
5216,1
5217,0
5218,0
5219,0
5220,0
5221,0
5222,1
5223,0
5224,1
5225,0
5226,0
5227,1
5228,0
5229,0
5230,0
5231,1
5232,1
5233,1
5234,1
5235,0
5236,1
5237,1
5238,0
5239,1
5240,1
5241,0
5242,1
5243,1
5244,1
5245,1
5246,0
5247,0
5248,1
5249,1
5250,0
5251,1
5252,1
5253,0
5254,0
5255,1
5256,1
5257,0
5258,0
5259,1
5260,0
5261,1
5262,1
5263,1
5264,0
5265,0
5266,1
5267,0
5268,1
5269,0
5270,1
5271,0
5272,0
5273,1
5274,0
5275,1
5276,1
5277,1
5278,1
5279,1
5280,0
5281,0
5282,0
5283,1
5284,1
5285,1
5286,0
5287,0
5288,1
5289,1
5290,1
5291,0
5292,0
5293,0
5294,0
5295,0
5296,0
5297,0
5298,1
5299,1
5300,1
5301,0
5302,1
5303,0
5304,0
5305,0
5306,1
5307,1
5308,0
5309,0
5310,1
5311,1
5312,1
5313,1
5314,1
5315,1
5316,1
5317,1
5318,1
5319,1
5320,1
5321,1
5322,0
5323,0
5324,1
5325,1
5326,1
5327,1
5328,1
5329,1
5330,0
5331,0
5332,0
5333,1
5334,0
5335,1
5336,1
5337,1
5338,1
5339,0
5340,1
5341,0
5342,0
5343,0
5344,1
5345,1
5346,0
5347,1
5348,0
5349,0
5350,1
5351,1
5352,1
5353,1
5354,1
5355,0
5356,1
5357,0
5358,1
5359,1
5360,1
5361,0
5362,1
5363,1
5364,0
5365,0
5366,1
5367,1
5368,0
5369,1
5370,1
5371,1
5372,1
5373,1
5374,1
5375,0
5376,1
5377,0
5378,0
5379,1
5380,0
5381,1
5382,1
5383,1
5384,1
5385,0
5386,0
5387,0
5388,1
5389,1
5390,1
5391,1
5392,0
5393,1
5394,1
5395,1
5396,1
5397,1
5398,0
5399,1
5400,0
5401,1
5402,1
5403,1
5404,0
5405,0
5406,1
5407,1
5408,0
5409,1
5410,1
5411,1
5412,0
5413,1
5414,1
5415,1
5416,0
5417,1
5418,1
5419,1
5420,1
5421,0
5422,1
5423,0
5424,1
5425,1
5426,1
5427,0
5428,0
5429,1
5430,1
5431,1
5432,1
5433,1
5434,1
5435,1
5436,1
5437,1
5438,1
5439,1
5440,1
5441,0
5442,1
5443,1
5444,1
5445,1
5446,0
5447,0
5448,0
5449,0
5450,0
5451,0
5452,0
5453,1
5454,0
5455,1
5456,0
5457,1
5458,1
5459,1
5460,1
5461,0
5462,1
5463,0
5464,1
5465,1
5466,0
5467,1
5468,0
5469,1
5470,0
5471,0
5472,1
5473,0
5474,0
5475,0
5476,0
5477,1
5478,1
5479,0
5480,0
5481,1
5482,1
5483,0
5484,1
5485,1
5486,1
5487,1
5488,0
5489,1
5490,1
5491,0
5492,1
5493,1
5494,0
5495,1
5496,0
5497,1
5498,0
5499,0
5500,1
5501,0
5502,0
5503,1
5504,1
5505,1
5506,1
5507,1
5508,1
5509,0
5510,1
5511,0
5512,1
5513,1
5514,1
5515,0
5516,1
5517,1
5518,0
5519,0
5520,1
5521,1
5522,1
5523,1
5524,1
5525,1
5526,0
5527,1
5528,1
5529,1
5530,1
5531,0
5532,1
5533,1
5534,1
5535,0
5536,0
5537,0
5538,1
5539,0
5540,1
5541,1
5542,0
5543,1
5544,0
5545,1
5546,0
5547,1
5548,1
5549,0
5550,1
5551,1
5552,1
5553,1
5554,1
5555,0
5556,1
5557,1
5558,1
5559,0
5560,0
5561,0
5562,1
5563,1
5564,1
5565,0
5566,0
5567,1
5568,0
5569,0
5570,0
5571,1
5572,1
5573,1
5574,0
5575,1
5576,1
5577,0
5578,1
5579,1
5580,1
5581,1
5582,0
5583,1
5584,1
5585,1
5586,1
5587,0
5588,1
5589,0
5590,0
5591,1
5592,0
5593,1
5594,0
5595,1
5596,1
5597,0
5598,1
5599,1
5600,1
5601,0
5602,0
5603,0
5604,1
5605,1
5606,1
5607,0
5608,1
5609,0
5610,1
5611,0
5612,1
5613,0
5614,1
5615,1
5616,1
5617,1
5618,1
5619,1
5620,1
5621,1
5622,0
5623,1
5624,0
5625,0
5626,1
5627,1
5628,1
5629,1
5630,0
5631,0
5632,0
5633,1
5634,0
5635,1
5636,0
5637,1
5638,1
5639,1
5640,0
5641,0
5642,1
5643,0
5644,1
5645,1
5646,0
5647,1
5648,1
5649,1
5650,1
5651,0
5652,1
5653,0
5654,0
5655,1
5656,1
5657,1
5658,1
5659,0
5660,0
5661,1
5662,1
5663,1
5664,0
5665,1
5666,0
5667,1
5668,1
5669,1
5670,1
5671,0
5672,0
5673,0
5674,0
5675,1
5676,0
5677,0
5678,1
5679,0
5680,1
5681,0
5682,1
5683,1
5684,0
5685,0
5686,0
5687,0
5688,1
5689,1
5690,1
5691,1
5692,1
5693,0
5694,1
5695,0
5696,0
5697,0
5698,1
5699,0
5700,1
5701,1
5702,0
5703,0
5704,1
5705,1
5706,1
5707,1
5708,1
5709,1
5710,1
5711,1
5712,0
5713,0
5714,1
5715,1
5716,0
5717,1
5718,1
5719,1
5720,1
5721,1
5722,0
5723,1
5724,0
5725,1
5726,0
5727,1
5728,0
5729,1
5730,0
5731,1
5732,0
5733,1
5734,0
5735,1
5736,1
5737,0
5738,0
5739,1
5740,0
5741,1
5742,0
5743,1
5744,0
5745,1
5746,1
5747,0
5748,1
5749,0
5750,0
5751,1
5752,0
5753,1
5754,0
5755,1
5756,0
5757,1
5758,0
5759,0
5760,1
5761,1
5762,0
5763,0
5764,1
5765,0
5766,1
5767,1
5768,0
5769,0
5770,0
5771,1
5772,0
5773,1
5774,1
5775,1
5776,1
5777,0
5778,1
5779,0
5780,0
5781,1
5782,1
5783,0
5784,0
5785,1
5786,0
5787,0
5788,0
5789,1
5790,0
5791,0
5792,1
5793,1
5794,0
5795,1
5796,1
5797,1
5798,0
5799,0
5800,1
5801,0
5802,1
5803,0
5804,1
5805,1
5806,0
5807,0
5808,1
5809,1
5810,1
5811,0
5812,1
5813,0
5814,1
5815,1
5816,0
5817,1
5818,1
5819,0
5820,1
5821,1
5822,1
5823,1
5824,1
5825,1
5826,1
5827,0
5828,1
5829,1
5830,0
5831,0
5832,0
5833,1
5834,1
5835,1
5836,0
5837,0
5838,1
5839,1
5840,0
5841,0
5842,0
5843,1
5844,1
5845,0
5846,0
5847,1
5848,1
5849,0
5850,1
5851,0
5852,0
5853,1
5854,0
5855,1
5856,0
5857,1
5858,0
5859,1
5860,1
5861,0
5862,1
5863,1
5864,1
5865,1
5866,1
5867,1
5868,0
5869,1
5870,1
5871,0
5872,1
5873,0
5874,0
5875,0
5876,1
5877,1
5878,0
5879,1
5880,1
5881,1
5882,0
5883,0
5884,1
5885,1
5886,0
5887,0
5888,1
5889,0
5890,0
5891,1
5892,0
5893,1
5894,1
5895,1
5896,1
5897,0
5898,1
5899,0
5900,0
5901,1
5902,0
5903,0
5904,1
5905,1
5906,1
5907,1
5908,0
5909,1
5910,0
5911,0
5912,1
5913,1
5914,0
5915,0
5916,1
5917,1
5918,1
5919,1
5920,1
5921,1
5922,0
5923,0
5924,1
5925,1
5926,1
5927,0
5928,1
5929,1
5930,1
5931,0
5932,1
5933,0
5934,1
5935,0
5936,1
5937,1
5938,1
5939,1
5940,0
5941,0
5942,1
5943,0
5944,0
5945,1
5946,1
5947,1
5948,0
5949,1
5950,1
5951,0
5952,1
5953,1
5954,1
5955,1
5956,0
5957,0
5958,0
5959,1
5960,0
5961,1
5962,0
5963,1
5964,1
5965,0
5966,0
5967,1
5968,0
5969,1
5970,0
5971,1
5972,1
5973,1
5974,1
5975,0
5976,0
5977,1
5978,1
5979,0
5980,0
5981,0
5982,1
5983,0
5984,1
5985,1
5986,1
5987,1
5988,0
5989,1
5990,0
5991,0
5992,1
5993,1
5994,1
5995,1
5996,1
5997,0
5998,0
5999,1
6000,0
6001,1
6002,1
6003,1
6004,1
6005,1
6006,1
6007,1
6008,1
6009,1
6010,0
6011,1
6012,1
6013,1
6014,0
6015,0
6016,1
6017,1
6018,0
6019,1
6020,0
6021,1
6022,1
6023,1
6024,0
6025,0
6026,1
6027,0
6028,1
6029,1
6030,1
6031,1
6032,1
6033,0
6034,1
6035,1
6036,0
6037,0
6038,0
6039,1
6040,0
6041,0
6042,1
6043,1
6044,0
6045,1
6046,1
6047,0
6048,0
6049,0
6050,1
6051,1
6052,0
6053,1
6054,1
6055,0
6056,0
6057,1
6058,0
6059,0
6060,0
6061,1
6062,0
6063,1
6064,1
6065,0
6066,1
6067,0
6068,1
6069,0
6070,0
6071,0
6072,1
6073,1
6074,0
6075,1
6076,0
6077,1
6078,1
6079,1
6080,1
6081,0
6082,1
6083,0
6084,1
6085,1
6086,1
6087,1
6088,0
6089,0
6090,1
6091,1
6092,1
6093,1
6094,0
6095,0
6096,0
6097,1
6098,1
6099,1
6100,0
6101,0
6102,1
6103,0
6104,1
6105,1
6106,1
6107,0
6108,1
6109,0
6110,0
6111,1
6112,0
6113,1
6114,1
6115,0
6116,1
6117,1
6118,1
6119,1
6120,1
6121,1
6122,1
6123,1
6124,0
6125,1
6126,1
6127,0
6128,1
6129,0
6130,1
6131,0
6132,0
6133,1
6134,0
6135,1
6136,1
6137,1
6138,0
6139,0
6140,0
6141,1
6142,1
6143,1
6144,0
6145,0
6146,1
6147,0
6148,1
6149,0
6150,1
6151,0
6152,0
6153,0
6154,1
6155,1
6156,1
6157,1
6158,1
6159,0
6160,0
6161,0
6162,1
6163,0
6164,1
6165,1
6166,0
6167,0
6168,1
6169,0
6170,0
6171,1
6172,1
6173,1
6174,1
6175,1
6176,0
6177,0
6178,1
6179,1
6180,0
6181,0
6182,1
6183,0
6184,0
6185,1
6186,1
6187,0
6188,1
6189,1
6190,0
6191,1
6192,0
6193,0
6194,0
6195,0
6196,1
6197,0
6198,1
6199,1
6200,1
6201,1
6202,1
6203,0
6204,0
6205,0
6206,1
6207,1
6208,0
6209,1
6210,1
6211,1
6212,0
6213,1
6214,0
6215,0
6216,0
6217,1
6218,1
6219,0
6220,1
6221,1
6222,1
6223,1
6224,0
6225,1
6226,1
6227,1
6228,1
6229,1
6230,1
6231,0
6232,1
6233,1
6234,1
6235,1
6236,0
6237,1
6238,0
6239,1
6240,1
6241,0
6242,1
6243,1
6244,0
6245,1
6246,1
6247,0
6248,1
6249,1
6250,1
6251,1
6252,0
6253,1
6254,0
6255,0
6256,1
6257,1
6258,1
6259,0
6260,1
6261,1
6262,1
6263,1
6264,1
6265,1
6266,0
6267,1
6268,1
6269,0
6270,0
6271,0
6272,0
6273,1
6274,1
6275,1
6276,0
6277,1
6278,1
6279,0
6280,1
6281,1
6282,1
6283,0
6284,0
6285,1
6286,0
6287,0
6288,0
6289,1
6290,1
6291,0
6292,1
6293,1
6294,0
6295,0
6296,0
6297,0
6298,0
6299,1
6300,1
6301,0
6302,0
6303,1
6304,1
6305,0
6306,0
6307,1
6308,1
6309,1
6310,1
6311,1
6312,0
6313,1
6314,1
6315,1
6316,1
6317,1
6318,0
6319,0
6320,1
6321,1
6322,0
6323,0
6324,0
6325,1
6326,0
6327,1
6328,1
6329,0
6330,1
6331,1
6332,1
6333,1
6334,0
6335,0
6336,0
6337,1
6338,0
6339,1
6340,1
6341,1
6342,0
6343,0
6344,0
6345,0
6346,1
6347,1
6348,0
6349,0
6350,0
6351,1
6352,1
6353,1
6354,1
6355,0
6356,1
6357,0
6358,0
6359,1
6360,0
6361,1
6362,0
6363,0
6364,1
6365,0
6366,0
6367,1
6368,1
6369,0
6370,1
6371,1
6372,1
6373,0
6374,1
6375,1
6376,1
6377,1
6378,1
6379,0
6380,0
6381,1
6382,0
6383,1
6384,1
6385,1
6386,1
6387,1
6388,1
6389,0
6390,1
6391,0
6392,1
6393,0
6394,0
6395,1
6396,1
6397,1
6398,0
6399,1
6400,1
6401,1
6402,0
6403,1
6404,0
6405,0
6406,1
6407,1
6408,1
6409,1
6410,1
6411,0
6412,1
6413,1
6414,0
6415,1
6416,0
6417,0
6418,1
6419,1
6420,0
6421,1
6422,0
6423,0
6424,1
6425,1
6426,0
6427,0
6428,1
6429,0
6430,0
6431,1
6432,1
6433,0
6434,0
6435,1
6436,1
6437,0
6438,0
6439,0
6440,1
6441,1
6442,1
6443,1
6444,0
6445,0
6446,0
6447,1
6448,0
6449,0
6450,1
6451,1
6452,0
6453,1
6454,1
6455,1
6456,0
6457,0
6458,0
6459,1
6460,0
6461,0
6462,1
6463,1
6464,0
6465,1
6466,1
6467,0
6468,1
6469,0
6470,0
6471,1
6472,1
6473,1
6474,1
6475,1
6476,1
6477,1
6478,0
6479,1
6480,0
6481,1
6482,1
6483,0
6484,0
6485,0
6486,1
6487,1
6488,1
6489,0
6490,0
6491,1
6492,0
6493,1
6494,0
6495,0
6496,1
6497,1
6498,1
6499,0
6500,1
6501,0
6502,1
6503,1
6504,0
6505,1
6506,1
6507,1
6508,0
6509,1
6510,1
6511,0
6512,0
6513,1
6514,1
6515,0
6516,0
6517,0
6518,1
6519,0
6520,0
6521,1
6522,1
6523,1
6524,1
6525,1
6526,1
6527,0
6528,1
6529,0
6530,1
6531,1
6532,1
6533,0
6534,1
6535,1
6536,1
6537,1
6538,1
6539,1
6540,1
6541,1
6542,0
6543,1
6544,1
6545,1
6546,1
6547,1
6548,1
6549,1
6550,1
6551,0
6552,1
6553,0
6554,1
6555,1
6556,0
6557,0
6558,1
6559,1
6560,1
6561,1
6562,1
6563,1
6564,0
6565,1
6566,0
6567,1
6568,1
6569,0
6570,1
6571,1
6572,1
6573,1
6574,1
6575,0
6576,0
6577,1
6578,0
6579,0
6580,1
6581,1
6582,1
6583,0
6584,1
6585,1
6586,0
6587,1
6588,0
6589,1
6590,1
6591,1
6592,0
6593,0
6594,0
6595,0
6596,1
6597,0
6598,1
6599,0
6600,1
6601,1
6602,1
6603,1
6604,1
6605,1
6606,0
6607,1
6608,1
6609,1
6610,0
6611,1
6612,1
6613,0
6614,1
6615,1
6616,1
6617,1
6618,0
6619,1
6620,1
6621,1
6622,0
6623,1
6624,1
6625,0
6626,1
6627,1
6628,1
6629,0
6630,0
6631,1
6632,1
6633,1
6634,0
6635,0
6636,0
6637,0
6638,1
6639,0
6640,1
6641,0
6642,0
6643,1
6644,1
6645,0
6646,1
6647,0
6648,0
6649,1
6650,1
6651,1
6652,1
6653,0
6654,0
6655,1
6656,0
6657,1
6658,1
6659,0
6660,1
6661,1
6662,1
6663,1
6664,1
6665,1
6666,0
6667,0
6668,0
6669,1
6670,1
6671,1
6672,1
6673,1
6674,1
6675,1
6676,0
6677,0
6678,1
6679,1
6680,1
6681,1
6682,1
6683,0
6684,0
6685,0
6686,1
6687,0
6688,1
6689,0
6690,1
6691,1
6692,1
6693,0
6694,1
6695,1
6696,0
6697,1
6698,1
6699,0
6700,1
6701,1
6702,1
6703,0
6704,0
6705,1
6706,1
6707,1
6708,1
6709,0
6710,1
6711,0
6712,1
6713,1
6714,0
6715,1
6716,0
6717,0
6718,1
6719,1
6720,0
6721,1
6722,1
6723,0
6724,1
6725,1
6726,1
6727,0
6728,0
6729,0
6730,1
6731,1
6732,0
6733,0
6734,0
6735,1
6736,0
6737,1
6738,0
6739,1
6740,1
6741,1
6742,1
6743,0
6744,1
6745,0
6746,1
6747,0
6748,1
6749,0
6750,1
6751,1
6752,1
6753,0
6754,1
6755,0
6756,0
6757,0
6758,0
6759,1
6760,0
6761,1
6762,1
6763,1
6764,1
6765,1
6766,1
6767,0
6768,1
6769,0
6770,0
6771,0
6772,1
6773,0
6774,0
6775,0
6776,0
6777,1
6778,1
6779,1
6780,0
6781,1
6782,1
6783,1
6784,0
6785,0
6786,1
6787,1
6788,0
6789,1
6790,1
6791,1
6792,1
6793,1
6794,0
6795,0
6796,1
6797,0
6798,0
6799,1
6800,1
6801,1
6802,0
6803,1
6804,0
6805,1
6806,0
6807,1
6808,1
6809,0
6810,1
6811,0
6812,1
6813,1
6814,1
6815,0
6816,1
6817,1
6818,1
6819,0
6820,1
6821,1
6822,0
6823,1
6824,1
6825,0
6826,1
6827,1
6828,0
6829,0
6830,1
6831,0
6832,1
6833,0
6834,0
6835,1
6836,1
6837,1
6838,0
6839,0
6840,1
6841,1
6842,1
6843,1
6844,0
6845,1
6846,0
6847,1
6848,0
6849,0
6850,0
6851,0
6852,1
6853,1
6854,1
6855,1
6856,1
6857,1
6858,0
6859,0
6860,1
6861,1
6862,0
6863,1
6864,0
6865,1
6866,0
6867,1
6868,1
6869,1
6870,1
6871,1
6872,0
6873,1
6874,1
6875,1
6876,0
6877,1
6878,0
6879,1
6880,1
6881,1
6882,1
6883,0
6884,0
6885,0
6886,0
6887,1
6888,0
6889,0
6890,0
6891,0
6892,1
6893,1
6894,0
6895,0
6896,0
6897,0
6898,1
6899,1
6900,0
6901,1
6902,1
6903,0
6904,1
6905,1
6906,1
6907,0
6908,1
6909,1
6910,0
6911,0
6912,0
6913,1
6914,1
6915,1
6916,1
6917,0
6918,1
6919,1
6920,0
6921,0
6922,1
6923,1
6924,1
6925,1
6926,1
6927,1
6928,0
6929,0
6930,0
6931,1
6932,1
6933,0
6934,1
6935,0
6936,1
6937,0
6938,1
6939,1
6940,0
6941,1
6942,1
6943,0
6944,0
6945,0
6946,1
6947,1
6948,1
6949,0
6950,1
6951,1
6952,0
6953,0
6954,0
6955,0
6956,1
6957,0
6958,1
6959,0
6960,0
6961,0
6962,1
6963,1
6964,0
6965,1
6966,1
6967,1
6968,0
6969,1
6970,0
6971,1
6972,1
6973,1
6974,1
6975,0
6976,1
6977,1
6978,1
6979,0
6980,1
6981,0
6982,1
6983,0
6984,0
6985,0
6986,1
6987,0
6988,0
6989,0
6990,0
6991,0
6992,1
6993,1
6994,1
6995,1
6996,1
6997,1
6998,1
6999,1
7000,0
7001,0
7002,1
7003,1
7004,0
7005,1
7006,1
7007,0
7008,0
7009,0
7010,1
7011,1
7012,0
7013,1
7014,1
7015,0
7016,1
7017,1
7018,0
7019,1
7020,1
7021,1
7022,0
7023,0
7024,0
7025,1
7026,1
7027,0
7028,1
7029,1
7030,0
7031,0
7032,0
7033,1
7034,1
7035,1
7036,1
7037,1
7038,1
7039,1
7040,1
7041,1
7042,0
7043,1
7044,0
7045,1
7046,1
7047,1
7048,1
7049,1
7050,0
7051,0
7052,0
7053,0
7054,1
7055,1
7056,1
7057,1
7058,1
7059,0
7060,1
7061,0
7062,1
7063,1
7064,1
7065,1
7066,0
7067,0
7068,1
7069,1
7070,1
7071,1
7072,0
7073,0
7074,1
7075,1
7076,1
7077,1
7078,0
7079,1
7080,0
7081,1
7082,1
7083,0
7084,1
7085,0
7086,1
7087,1
7088,1
7089,0
7090,1
7091,1
7092,1
7093,0
7094,1
7095,1
7096,0
7097,1
7098,0
7099,1
7100,1
7101,1
7102,1
7103,0
7104,0
7105,0
7106,1
7107,0
7108,1
7109,1
7110,0
7111,1
7112,1
7113,0
7114,1
7115,0
7116,0
7117,1
7118,0
7119,0
7120,1
7121,0
7122,0
7123,1
7124,0
7125,1
7126,0
7127,1
7128,0
7129,0
7130,0
7131,0
7132,0
7133,1
7134,1
7135,1
7136,0
7137,0
7138,0
7139,1
7140,1
7141,1
7142,1
7143,1
7144,1
7145,0
7146,1
7147,0
7148,0
7149,0
7150,1
7151,0
7152,1
7153,0
7154,0
7155,0
7156,1
7157,1
7158,1
7159,1
7160,0
7161,0
7162,1
7163,0
7164,1
7165,1
7166,1
7167,1
7168,0
7169,1
7170,0
7171,0
7172,1
7173,1
7174,0
7175,1
7176,0
7177,1
7178,1
7179,1
7180,1
7181,1
7182,0
7183,1
7184,1
7185,0
7186,0
7187,1
7188,1
7189,1
7190,0
7191,1
7192,0
7193,0
7194,1
7195,1
7196,1
7197,1
7198,1
7199,0
7200,1
7201,1
7202,0
7203,0
7204,1
7205,1
7206,1
7207,1
7208,1
7209,0
7210,0
7211,1
7212,1
7213,0
7214,0
7215,0
7216,1
7217,1
7218,1
7219,0
7220,1
7221,1
7222,0
7223,0
7224,1
7225,0
7226,0
7227,1
7228,0
7229,0
7230,0
7231,0
7232,0
7233,1
7234,0
7235,1
7236,0
7237,1
7238,1
7239,1
7240,1
7241,0
7242,0
7243,0
7244,1
7245,1
7246,0
7247,1
7248,1
7249,0
7250,0
7251,1
7252,1
7253,1
7254,0
